<?xml version="1.0" encoding="UTF-8"?>
<definitions xmlns="http://www.omg.org/spec/BPMN/20100524/MODEL" xmlns:xsi="http://www.w3.org/2001/XMLSchema-instance" xmlns:xsd="http://www.w3.org/2001/XMLSchema" xmlns:flowable="http://flowable.org/bpmn" xmlns:bpmndi="http://www.omg.org/spec/BPMN/20100524/DI" xmlns:omgdc="http://www.omg.org/spec/DD/20100524/DC" xmlns:omgdi="http://www.omg.org/spec/DD/20100524/DI" typeLanguage="http://www.w3.org/2001/XMLSchema" expressionLanguage="http://www.w3.org/1999/XPath" targetNamespace="http://www.flowable.org/processdef" exporter="Flowable Open Source Modeler" exporterVersion="6.8.0">
  <process id="leave8" name="请假流程（监听）" isExecutable="true">
    <startEvent id="sid-C78A35DB-040B-4E47-874E-49C1F3455F31"></startEvent>
    <userTask id="sid-DD20B0C6-523C-4D38-A6C3-932B353B32F2" name="申请人"></userTask>
    <sequenceFlow id="sid-8B74A19D-52AD-4BBE-855F-6DF8282916E1" sourceRef="sid-C78A35DB-040B-4E47-874E-49C1F3455F31" targetRef="sid-DD20B0C6-523C-4D38-A6C3-932B353B32F2"></sequenceFlow>
    <userTask id="sid-E4E0C4CE-1C30-4989-AC63-F993391DE022" name="组长" flowable:assignee="${INITIATOR}">
      <extensionElements>
        <flowable:executionListener event="start" delegateExpression="${testLeaveExecutionListener}"></flowable:executionListener>
        <modeler:activiti-idm-initiator xmlns:modeler="http://flowable.org/modeler"><![CDATA[true]]></modeler:activiti-idm-initiator>
      </extensionElements>
    </userTask>
    <sequenceFlow id="sid-D38DE8B7-062F-4D3F-918A-720ABEF3BAFB" sourceRef="sid-DD20B0C6-523C-4D38-A6C3-932B353B32F2" targetRef="sid-E4E0C4CE-1C30-4989-AC63-F993391DE022"></sequenceFlow>
    <userTask id="sid-EFED18C0-8517-4830-907F-0652D21A354C" name="部门领导" flowable:assignee="${INITIATOR}">
      <extensionElements>
        <flowable:taskListener event="complete" delegateExpression="${testLeaveTaskListener}"></flowable:taskListener>
        <modeler:activiti-idm-initiator xmlns:modeler="http://flowable.org/modeler"><![CDATA[true]]></modeler:activiti-idm-initiator>
      </extensionElements>
    </userTask>
    <sequenceFlow id="sid-E6D782A7-FAA8-48F8-B630-7478D2A397A8" sourceRef="sid-E4E0C4CE-1C30-4989-AC63-F993391DE022" targetRef="sid-EFED18C0-8517-4830-907F-0652D21A354C"></sequenceFlow>
    <endEvent id="sid-A24D1294-981F-487E-AB44-6C404884483F"></endEvent>
    <sequenceFlow id="sid-EF7CC888-9322-4B59-A7ED-223D93DFF8D0" sourceRef="sid-EFED18C0-8517-4830-907F-0652D21A354C" targetRef="sid-A24D1294-981F-487E-AB44-6C404884483F"></sequenceFlow>
  </process>
  <bpmndi:BPMNDiagram id="BPMNDiagram_leave8">
    <bpmndi:BPMNPlane bpmnElement="leave8" id="BPMNPlane_leave8">
      <bpmndi:BPMNShape bpmnElement="sid-C78A35DB-040B-4E47-874E-49C1F3455F31" id="BPMNShape_sid-C78A35DB-040B-4E47-874E-49C1F3455F31">
        <omgdc:Bounds height="30.0" width="30.0" x="193.0" y="122.0"></omgdc:Bounds>
      </bpmndi:BPMNShape>
      <bpmndi:BPMNShape bpmnElement="sid-DD20B0C6-523C-4D38-A6C3-932B353B32F2" id="BPMNShape_sid-DD20B0C6-523C-4D38-A6C3-932B353B32F2">
        <omgdc:Bounds height="80.0" width="100.0" x="268.0" y="97.0"></omgdc:Bounds>
      </bpmndi:BPMNShape>
      <bpmndi:BPMNShape bpmnElement="sid-E4E0C4CE-1C30-4989-AC63-F993391DE022" id="BPMNShape_sid-E4E0C4CE-1C30-4989-AC63-F993391DE022">
        <omgdc:Bounds height="80.0" width="100.0" x="413.0" y="97.0"></omgdc:Bounds>
      </bpmndi:BPMNShape>
      <bpmndi:BPMNShape bpmnElement="sid-EFED18C0-8517-4830-907F-0652D21A354C" id="BPMNShape_sid-EFED18C0-8517-4830-907F-0652D21A354C">
        <omgdc:Bounds height="80.0" width="100.0" x="558.0" y="97.0"></omgdc:Bounds>
      </bpmndi:BPMNShape>
      <bpmndi:BPMNShape bpmnElement="sid-A24D1294-981F-487E-AB44-6C404884483F" id="BPMNShape_sid-A24D1294-981F-487E-AB44-6C404884483F">
        <omgdc:Bounds height="28.0" width="28.0" x="703.0" y="123.0"></omgdc:Bounds>
      </bpmndi:BPMNShape>
      <bpmndi:BPMNEdge bpmnElement="sid-D38DE8B7-062F-4D3F-918A-720ABEF3BAFB" id="BPMNEdge_sid-D38DE8B7-062F-4D3F-918A-720ABEF3BAFB" flowable:sourceDockerX="50.0" flowable:sourceDockerY="40.0" flowable:targetDockerX="50.0" flowable:targetDockerY="40.0">
        <omgdi:waypoint x="367.9499999999907" y="137.0"></omgdi:waypoint>
        <omgdi:waypoint x="413.0" y="137.0"></omgdi:waypoint>
      </bpmndi:BPMNEdge>
      <bpmndi:BPMNEdge bpmnElement="sid-EF7CC888-9322-4B59-A7ED-223D93DFF8D0" id="BPMNEdge_sid-EF7CC888-9322-4B59-A7ED-223D93DFF8D0" flowable:sourceDockerX="50.0" flowable:sourceDockerY="40.0" flowable:targetDockerX="14.0" flowable:targetDockerY="14.0">
        <omgdi:waypoint x="657.949999999996" y="137.0"></omgdi:waypoint>
        <omgdi:waypoint x="703.0" y="137.0"></omgdi:waypoint>
      </bpmndi:BPMNEdge>
      <bpmndi:BPMNEdge bpmnElement="sid-8B74A19D-52AD-4BBE-855F-6DF8282916E1" id="BPMNEdge_sid-8B74A19D-52AD-4BBE-855F-6DF8282916E1" flowable:sourceDockerX="15.0" flowable:sourceDockerY="15.0" flowable:targetDockerX="50.0" flowable:targetDockerY="40.0">
        <omgdi:waypoint x="222.94999848995764" y="137.0"></omgdi:waypoint>
        <omgdi:waypoint x="268.0" y="137.0"></omgdi:waypoint>
      </bpmndi:BPMNEdge>
      <bpmndi:BPMNEdge bpmnElement="sid-E6D782A7-FAA8-48F8-B630-7478D2A397A8" id="BPMNEdge_sid-E6D782A7-FAA8-48F8-B630-7478D2A397A8" flowable:sourceDockerX="50.0" flowable:sourceDockerY="40.0" flowable:targetDockerX="50.0" flowable:targetDockerY="40.0">
        <omgdi:waypoint x="512.95" y="137.0"></omgdi:waypoint>
        <omgdi:waypoint x="557.9999999999807" y="137.0"></omgdi:waypoint>
      </bpmndi:BPMNEdge>
    </bpmndi:BPMNPlane>
  </bpmndi:BPMNDiagram>
</definitions>