<?xml version="1.0" encoding="UTF-8"?>
<definitions xmlns="http://www.omg.org/spec/BPMN/20100524/MODEL" xmlns:xsi="http://www.w3.org/2001/XMLSchema-instance" xmlns:xsd="http://www.w3.org/2001/XMLSchema" xmlns:flowable="http://flowable.org/bpmn" xmlns:bpmndi="http://www.omg.org/spec/BPMN/20100524/DI" xmlns:omgdc="http://www.omg.org/spec/DD/20100524/DC" xmlns:omgdi="http://www.omg.org/spec/DD/20100524/DI" typeLanguage="http://www.w3.org/2001/XMLSchema" expressionLanguage="http://www.w3.org/1999/XPath" targetNamespace="http://www.flowable.org/processdef" exporter="Flowable Open Source Modeler" exporterVersion="6.8.0">
  <process id="leave6" name="请假流程（子流程）" isExecutable="true">
    <startEvent id="sid-EE7561AF-F10F-40BC-8639-9B828E55BD81"></startEvent>
    <userTask id="sid-70DDB7FC-3E83-419B-A7D2-21053144BBB5" name="申请人"></userTask>
    <sequenceFlow id="sid-C3E1A083-39CF-407E-BBAB-68E58ED8722B" sourceRef="sid-EE7561AF-F10F-40BC-8639-9B828E55BD81" targetRef="sid-70DDB7FC-3E83-419B-A7D2-21053144BBB5"></sequenceFlow>
    <subProcess id="sid-ACFB914A-121A-4B72-91A6-0FE32FE82769" name="subProcess">
      <startEvent id="sid-AE600CD0-7E6C-42B2-92B7-762A5C34D243"></startEvent>
      <userTask id="sid-90E6407A-2E7B-4DA8-B397-D670548087B0" name="组长" flowable:assignee="1">
        <extensionElements>
          <modeler:activiti-idm-assignee xmlns:modeler="http://flowable.org/modeler"><![CDATA[true]]></modeler:activiti-idm-assignee>
          <modeler:assignee-info-email xmlns:modeler="http://flowable.org/modeler"><![CDATA[liyang1987jay@163.com]]></modeler:assignee-info-email>
          <modeler:assignee-info-lastname xmlns:modeler="http://flowable.org/modeler"><![CDATA[疯狂的狮子Li]]></modeler:assignee-info-lastname>
          <modeler:initiator-can-complete xmlns:modeler="http://flowable.org/modeler"><![CDATA[false]]></modeler:initiator-can-complete>
        </extensionElements>
      </userTask>
      <userTask id="sid-C26D26BD-719F-49D2-BAED-40BCB3A2522D" name="部门副经理" flowable:assignee="1">
        <extensionElements>
          <modeler:activiti-idm-assignee xmlns:modeler="http://flowable.org/modeler"><![CDATA[true]]></modeler:activiti-idm-assignee>
          <modeler:assignee-info-email xmlns:modeler="http://flowable.org/modeler"><![CDATA[liyang1987jay@163.com]]></modeler:assignee-info-email>
          <modeler:assignee-info-lastname xmlns:modeler="http://flowable.org/modeler"><![CDATA[疯狂的狮子Li]]></modeler:assignee-info-lastname>
          <modeler:initiator-can-complete xmlns:modeler="http://flowable.org/modeler"><![CDATA[false]]></modeler:initiator-can-complete>
        </extensionElements>
      </userTask>
      <endEvent id="sid-2E11F139-0515-4490-BC04-7EAEB6FD5538"></endEvent>
      <userTask id="sid-7078055A-BD60-45E4-A33F-3D4DB36FB5F6" name="部门经理" flowable:assignee="1">
        <extensionElements>
          <modeler:activiti-idm-assignee xmlns:modeler="http://flowable.org/modeler"><![CDATA[true]]></modeler:activiti-idm-assignee>
          <modeler:assignee-info-email xmlns:modeler="http://flowable.org/modeler"><![CDATA[liyang1987jay@163.com]]></modeler:assignee-info-email>
          <modeler:assignee-info-lastname xmlns:modeler="http://flowable.org/modeler"><![CDATA[疯狂的狮子Li]]></modeler:assignee-info-lastname>
          <modeler:initiator-can-complete xmlns:modeler="http://flowable.org/modeler"><![CDATA[false]]></modeler:initiator-can-complete>
        </extensionElements>
      </userTask>
      <sequenceFlow id="sid-9451F0F1-E9EF-4785-A172-39AA70148D1A" sourceRef="sid-AE600CD0-7E6C-42B2-92B7-762A5C34D243" targetRef="sid-90E6407A-2E7B-4DA8-B397-D670548087B0"></sequenceFlow>
      <sequenceFlow id="sid-DC3F2737-B6E5-48D6-829C-85B0375A8AE4" sourceRef="sid-90E6407A-2E7B-4DA8-B397-D670548087B0" targetRef="sid-C26D26BD-719F-49D2-BAED-40BCB3A2522D"></sequenceFlow>
      <sequenceFlow id="sid-EBA303AA-39D2-4708-B7F3-B2AC10238D15" sourceRef="sid-C26D26BD-719F-49D2-BAED-40BCB3A2522D" targetRef="sid-7078055A-BD60-45E4-A33F-3D4DB36FB5F6"></sequenceFlow>
      <sequenceFlow id="sid-3A4B9FA4-899A-409A-A28C-43C2F63AD353" sourceRef="sid-7078055A-BD60-45E4-A33F-3D4DB36FB5F6" targetRef="sid-2E11F139-0515-4490-BC04-7EAEB6FD5538"></sequenceFlow>
    </subProcess>
    <sequenceFlow id="sid-842E376F-226E-46D5-BEF5-FF25F20D78AB" sourceRef="sid-70DDB7FC-3E83-419B-A7D2-21053144BBB5" targetRef="sid-ACFB914A-121A-4B72-91A6-0FE32FE82769"></sequenceFlow>
    <userTask id="sid-FFB6A8E9-AA5F-496B-A8EC-4114D22A635C" name="总经理" flowable:assignee="1">
      <extensionElements>
        <modeler:activiti-idm-assignee xmlns:modeler="http://flowable.org/modeler"><![CDATA[true]]></modeler:activiti-idm-assignee>
        <modeler:assignee-info-email xmlns:modeler="http://flowable.org/modeler"><![CDATA[liyang1987jay@163.com]]></modeler:assignee-info-email>
        <modeler:assignee-info-lastname xmlns:modeler="http://flowable.org/modeler"><![CDATA[疯狂的狮子Li]]></modeler:assignee-info-lastname>
        <modeler:initiator-can-complete xmlns:modeler="http://flowable.org/modeler"><![CDATA[false]]></modeler:initiator-can-complete>
      </extensionElements>
    </userTask>
    <sequenceFlow id="sid-5981F1C3-6A13-4CA5-BAE7-F1DC4590416F" sourceRef="sid-ACFB914A-121A-4B72-91A6-0FE32FE82769" targetRef="sid-FFB6A8E9-AA5F-496B-A8EC-4114D22A635C"></sequenceFlow>
    <endEvent id="sid-42D1357C-F326-4283-AEF6-F32544C31B5B"></endEvent>
    <sequenceFlow id="sid-BEFD55A3-9A4F-4736-883B-1303BD81AEE3" sourceRef="sid-FFB6A8E9-AA5F-496B-A8EC-4114D22A635C" targetRef="sid-42D1357C-F326-4283-AEF6-F32544C31B5B"></sequenceFlow>
  </process>
  <bpmndi:BPMNDiagram id="BPMNDiagram_leave6">
    <bpmndi:BPMNPlane bpmnElement="leave6" id="BPMNPlane_leave6">
      <bpmndi:BPMNShape bpmnElement="sid-EE7561AF-F10F-40BC-8639-9B828E55BD81" id="BPMNShape_sid-EE7561AF-F10F-40BC-8639-9B828E55BD81">
        <omgdc:Bounds height="30.0" width="30.0" x="60.0" y="166.5"></omgdc:Bounds>
      </bpmndi:BPMNShape>
      <bpmndi:BPMNShape bpmnElement="sid-70DDB7FC-3E83-419B-A7D2-21053144BBB5" id="BPMNShape_sid-70DDB7FC-3E83-419B-A7D2-21053144BBB5">
        <omgdc:Bounds height="80.0" width="100.0" x="165.0" y="141.5"></omgdc:Bounds>
      </bpmndi:BPMNShape>
      <bpmndi:BPMNShape bpmnElement="sid-ACFB914A-121A-4B72-91A6-0FE32FE82769" id="BPMNShape_sid-ACFB914A-121A-4B72-91A6-0FE32FE82769">
        <omgdc:Bounds height="260.0" width="615.9999999999999" x="360.0" y="49.0"></omgdc:Bounds>
      </bpmndi:BPMNShape>
      <bpmndi:BPMNShape bpmnElement="sid-AE600CD0-7E6C-42B2-92B7-762A5C34D243" id="BPMNShape_sid-AE600CD0-7E6C-42B2-92B7-762A5C34D243">
        <omgdc:Bounds height="30.0" width="30.0" x="390.0" y="166.5"></omgdc:Bounds>
      </bpmndi:BPMNShape>
      <bpmndi:BPMNShape bpmnElement="sid-90E6407A-2E7B-4DA8-B397-D670548087B0" id="BPMNShape_sid-90E6407A-2E7B-4DA8-B397-D670548087B0">
        <omgdc:Bounds height="80.0" width="100.0" x="465.0" y="141.5"></omgdc:Bounds>
      </bpmndi:BPMNShape>
      <bpmndi:BPMNShape bpmnElement="sid-C26D26BD-719F-49D2-BAED-40BCB3A2522D" id="BPMNShape_sid-C26D26BD-719F-49D2-BAED-40BCB3A2522D">
        <omgdc:Bounds height="80.0" width="100.0" x="615.0" y="141.5"></omgdc:Bounds>
      </bpmndi:BPMNShape>
      <bpmndi:BPMNShape bpmnElement="sid-2E11F139-0515-4490-BC04-7EAEB6FD5538" id="BPMNShape_sid-2E11F139-0515-4490-BC04-7EAEB6FD5538">
        <omgdc:Bounds height="28.0" width="28.0" x="900.0" y="167.5"></omgdc:Bounds>
      </bpmndi:BPMNShape>
      <bpmndi:BPMNShape bpmnElement="sid-7078055A-BD60-45E4-A33F-3D4DB36FB5F6" id="BPMNShape_sid-7078055A-BD60-45E4-A33F-3D4DB36FB5F6">
        <omgdc:Bounds height="80.0" width="100.0" x="760.0" y="141.5"></omgdc:Bounds>
      </bpmndi:BPMNShape>
      <bpmndi:BPMNShape bpmnElement="sid-FFB6A8E9-AA5F-496B-A8EC-4114D22A635C" id="BPMNShape_sid-FFB6A8E9-AA5F-496B-A8EC-4114D22A635C">
        <omgdc:Bounds height="80.0" width="100.0" x="1005.0" y="141.5"></omgdc:Bounds>
      </bpmndi:BPMNShape>
      <bpmndi:BPMNShape bpmnElement="sid-42D1357C-F326-4283-AEF6-F32544C31B5B" id="BPMNShape_sid-42D1357C-F326-4283-AEF6-F32544C31B5B">
        <omgdc:Bounds height="28.0" width="28.0" x="1140.0" y="167.5"></omgdc:Bounds>
      </bpmndi:BPMNShape>
      <bpmndi:BPMNEdge bpmnElement="sid-EBA303AA-39D2-4708-B7F3-B2AC10238D15" id="BPMNEdge_sid-EBA303AA-39D2-4708-B7F3-B2AC10238D15" flowable:sourceDockerX="50.0" flowable:sourceDockerY="40.0" flowable:targetDockerX="50.0" flowable:targetDockerY="40.0">
        <omgdi:waypoint x="714.9499999999907" y="181.5"></omgdi:waypoint>
        <omgdi:waypoint x="760.0" y="181.5"></omgdi:waypoint>
      </bpmndi:BPMNEdge>
      <bpmndi:BPMNEdge bpmnElement="sid-9451F0F1-E9EF-4785-A172-39AA70148D1A" id="BPMNEdge_sid-9451F0F1-E9EF-4785-A172-39AA70148D1A" flowable:sourceDockerX="15.0" flowable:sourceDockerY="15.0" flowable:targetDockerX="50.0" flowable:targetDockerY="40.0">
        <omgdi:waypoint x="419.9499984899576" y="181.5"></omgdi:waypoint>
        <omgdi:waypoint x="465.0" y="181.5"></omgdi:waypoint>
      </bpmndi:BPMNEdge>
      <bpmndi:BPMNEdge bpmnElement="sid-3A4B9FA4-899A-409A-A28C-43C2F63AD353" id="BPMNEdge_sid-3A4B9FA4-899A-409A-A28C-43C2F63AD353" flowable:sourceDockerX="50.0" flowable:sourceDockerY="40.0" flowable:targetDockerX="14.0" flowable:targetDockerY="14.0">
        <omgdi:waypoint x="859.9499999999999" y="181.5"></omgdi:waypoint>
        <omgdi:waypoint x="900.0" y="181.5"></omgdi:waypoint>
      </bpmndi:BPMNEdge>
      <bpmndi:BPMNEdge bpmnElement="sid-842E376F-226E-46D5-BEF5-FF25F20D78AB" id="BPMNEdge_sid-842E376F-226E-46D5-BEF5-FF25F20D78AB" flowable:sourceDockerX="50.0" flowable:sourceDockerY="40.0" flowable:targetDockerX="308.0" flowable:targetDockerY="130.0">
        <omgdi:waypoint x="264.9499999999949" y="181.22406181015455"></omgdi:waypoint>
        <omgdi:waypoint x="359.9999999999967" y="180.69950331125827"></omgdi:waypoint>
      </bpmndi:BPMNEdge>
      <bpmndi:BPMNEdge bpmnElement="sid-BEFD55A3-9A4F-4736-883B-1303BD81AEE3" id="BPMNEdge_sid-BEFD55A3-9A4F-4736-883B-1303BD81AEE3" flowable:sourceDockerX="50.0" flowable:sourceDockerY="40.0" flowable:targetDockerX="14.0" flowable:targetDockerY="14.0">
        <omgdi:waypoint x="1104.95" y="181.5"></omgdi:waypoint>
        <omgdi:waypoint x="1140.0" y="181.5"></omgdi:waypoint>
      </bpmndi:BPMNEdge>
      <bpmndi:BPMNEdge bpmnElement="sid-C3E1A083-39CF-407E-BBAB-68E58ED8722B" id="BPMNEdge_sid-C3E1A083-39CF-407E-BBAB-68E58ED8722B" flowable:sourceDockerX="15.0" flowable:sourceDockerY="15.0" flowable:targetDockerX="50.0" flowable:targetDockerY="40.0">
        <omgdi:waypoint x="89.94999906759469" y="181.5"></omgdi:waypoint>
        <omgdi:waypoint x="164.99999999996822" y="181.5"></omgdi:waypoint>
      </bpmndi:BPMNEdge>
      <bpmndi:BPMNEdge bpmnElement="sid-DC3F2737-B6E5-48D6-829C-85B0375A8AE4" id="BPMNEdge_sid-DC3F2737-B6E5-48D6-829C-85B0375A8AE4" flowable:sourceDockerX="50.0" flowable:sourceDockerY="40.0" flowable:targetDockerX="50.0" flowable:targetDockerY="40.0">
        <omgdi:waypoint x="564.95" y="181.5"></omgdi:waypoint>
        <omgdi:waypoint x="615.0" y="181.5"></omgdi:waypoint>
      </bpmndi:BPMNEdge>
      <bpmndi:BPMNEdge bpmnElement="sid-5981F1C3-6A13-4CA5-BAE7-F1DC4590416F" id="BPMNEdge_sid-5981F1C3-6A13-4CA5-BAE7-F1DC4590416F" flowable:sourceDockerX="308.0" flowable:sourceDockerY="130.0" flowable:targetDockerX="50.0" flowable:targetDockerY="40.0">
        <omgdi:waypoint x="975.9499999999998" y="180.98934108527132"></omgdi:waypoint>
        <omgdi:waypoint x="1004.9999999999982" y="181.17700258397932"></omgdi:waypoint>
      </bpmndi:BPMNEdge>
    </bpmndi:BPMNPlane>
  </bpmndi:BPMNDiagram>
</definitions>