<?xml version="1.0" encoding="UTF-8"?>
<definitions xmlns="http://www.omg.org/spec/BPMN/20100524/MODEL" xmlns:xsi="http://www.w3.org/2001/XMLSchema-instance" xmlns:xsd="http://www.w3.org/2001/XMLSchema" xmlns:flowable="http://flowable.org/bpmn" xmlns:bpmndi="http://www.omg.org/spec/BPMN/20100524/DI" xmlns:omgdc="http://www.omg.org/spec/DD/20100524/DC" xmlns:omgdi="http://www.omg.org/spec/DD/20100524/DI" typeLanguage="http://www.w3.org/2001/XMLSchema" expressionLanguage="http://www.w3.org/1999/XPath" targetNamespace="http://www.flowable.org/processdef" exporter="Flowable Open Source Modeler" exporterVersion="6.8.0">
  <process id="leave7" name="请假流程（边界定时任务）" isExecutable="true">
    <startEvent id="sid-D696CF5C-DE0A-4DE3-81A2-90937B92E34A"></startEvent>
    <userTask id="sid-D4EF7333-915A-4B1E-9925-E6DC5FE15700" name="申请人"></userTask>
    <sequenceFlow id="sid-F4BA229D-3A12-43C3-BF2C-F7579EC28BE5" sourceRef="sid-D696CF5C-DE0A-4DE3-81A2-90937B92E34A" targetRef="sid-D4EF7333-915A-4B1E-9925-E6DC5FE15700"></sequenceFlow>
    <userTask id="sid-1E50A98D-E16B-4A28-80BE-93BE5538EEE6" name="组长" flowable:assignee="1">
      <extensionElements>
        <modeler:activiti-idm-assignee xmlns:modeler="http://flowable.org/modeler"><![CDATA[true]]></modeler:activiti-idm-assignee>
        <modeler:assignee-info-email xmlns:modeler="http://flowable.org/modeler"><![CDATA[liyang1987jay@163.com]]></modeler:assignee-info-email>
        <modeler:assignee-info-lastname xmlns:modeler="http://flowable.org/modeler"><![CDATA[疯狂的狮子Li]]></modeler:assignee-info-lastname>
        <modeler:initiator-can-complete xmlns:modeler="http://flowable.org/modeler"><![CDATA[false]]></modeler:initiator-can-complete>
      </extensionElements>
    </userTask>
    <sequenceFlow id="sid-479E9EEE-816D-4DCA-9CF3-3D4D4AD90CF2" sourceRef="sid-D4EF7333-915A-4B1E-9925-E6DC5FE15700" targetRef="sid-1E50A98D-E16B-4A28-80BE-93BE5538EEE6"></sequenceFlow>
    <userTask id="sid-A10DFA84-A88A-4A02-B4FC-5EFA64D9EA0E" name="部门领导" flowable:assignee="1">
      <extensionElements>
        <modeler:activiti-idm-assignee xmlns:modeler="http://flowable.org/modeler"><![CDATA[true]]></modeler:activiti-idm-assignee>
        <modeler:assignee-info-email xmlns:modeler="http://flowable.org/modeler"><![CDATA[liyang1987jay@163.com]]></modeler:assignee-info-email>
        <modeler:assignee-info-lastname xmlns:modeler="http://flowable.org/modeler"><![CDATA[疯狂的狮子Li]]></modeler:assignee-info-lastname>
        <modeler:initiator-can-complete xmlns:modeler="http://flowable.org/modeler"><![CDATA[false]]></modeler:initiator-can-complete>
      </extensionElements>
    </userTask>
    <boundaryEvent id="sid-1A3F88FC-4843-4447-ADE2-5013D0BE80A5" attachedToRef="sid-1E50A98D-E16B-4A28-80BE-93BE5538EEE6" cancelActivity="true">
      <timerEventDefinition>
        <timeDuration>PT1M</timeDuration>
      </timerEventDefinition>
    </boundaryEvent>
    <userTask id="sid-E73EA1A0-490B-4DCA-BBE9-03DE4DAEC0AC" name="综合部" flowable:assignee="1">
      <extensionElements>
        <modeler:activiti-idm-assignee xmlns:modeler="http://flowable.org/modeler"><![CDATA[true]]></modeler:activiti-idm-assignee>
        <modeler:assignee-info-email xmlns:modeler="http://flowable.org/modeler"><![CDATA[liyang1987jay@163.com]]></modeler:assignee-info-email>
        <modeler:assignee-info-lastname xmlns:modeler="http://flowable.org/modeler"><![CDATA[疯狂的狮子Li]]></modeler:assignee-info-lastname>
        <modeler:initiator-can-complete xmlns:modeler="http://flowable.org/modeler"><![CDATA[false]]></modeler:initiator-can-complete>
      </extensionElements>
    </userTask>
    <sequenceFlow id="sid-23E287F6-9AA4-4791-9305-E8B1083376DB" sourceRef="sid-1E50A98D-E16B-4A28-80BE-93BE5538EEE6" targetRef="sid-E73EA1A0-490B-4DCA-BBE9-03DE4DAEC0AC"></sequenceFlow>
    <userTask id="sid-5E8C4BA8-E585-4D1E-93EA-3DCBA0F2D6C2" name="总经理" flowable:assignee="1">
      <extensionElements>
        <modeler:activiti-idm-assignee xmlns:modeler="http://flowable.org/modeler"><![CDATA[true]]></modeler:activiti-idm-assignee>
        <modeler:assignee-info-email xmlns:modeler="http://flowable.org/modeler"><![CDATA[liyang1987jay@163.com]]></modeler:assignee-info-email>
        <modeler:assignee-info-lastname xmlns:modeler="http://flowable.org/modeler"><![CDATA[疯狂的狮子Li]]></modeler:assignee-info-lastname>
        <modeler:initiator-can-complete xmlns:modeler="http://flowable.org/modeler"><![CDATA[false]]></modeler:initiator-can-complete>
      </extensionElements>
    </userTask>
    <sequenceFlow id="sid-4650CF59-3016-4344-809A-C407B9324FCC" sourceRef="sid-E73EA1A0-490B-4DCA-BBE9-03DE4DAEC0AC" targetRef="sid-5E8C4BA8-E585-4D1E-93EA-3DCBA0F2D6C2"></sequenceFlow>
    <sequenceFlow id="sid-01AFF12E-66A7-4828-8767-C8775FAFB48A" sourceRef="sid-A10DFA84-A88A-4A02-B4FC-5EFA64D9EA0E" targetRef="sid-5E8C4BA8-E585-4D1E-93EA-3DCBA0F2D6C2"></sequenceFlow>
    <endEvent id="sid-D9C7BF72-1AC0-4B05-89E5-D261BDBC0404"></endEvent>
    <sequenceFlow id="sid-3CE7746B-D6BB-496D-BE64-915A6AE1A331" sourceRef="sid-5E8C4BA8-E585-4D1E-93EA-3DCBA0F2D6C2" targetRef="sid-D9C7BF72-1AC0-4B05-89E5-D261BDBC0404"></sequenceFlow>
    <sequenceFlow id="sid-C7F0F440-D4F8-40F3-A63C-EA0C0AB49ADF" name="一分钟未执行自动办理" sourceRef="sid-1A3F88FC-4843-4447-ADE2-5013D0BE80A5" targetRef="sid-A10DFA84-A88A-4A02-B4FC-5EFA64D9EA0E"></sequenceFlow>
  </process>
  <bpmndi:BPMNDiagram id="BPMNDiagram_leave7">
    <bpmndi:BPMNPlane bpmnElement="leave7" id="BPMNPlane_leave7">
      <bpmndi:BPMNShape bpmnElement="sid-D696CF5C-DE0A-4DE3-81A2-90937B92E34A" id="BPMNShape_sid-D696CF5C-DE0A-4DE3-81A2-90937B92E34A">
        <omgdc:Bounds height="30.0" width="30.0" x="168.0" y="113.0"></omgdc:Bounds>
      </bpmndi:BPMNShape>
      <bpmndi:BPMNShape bpmnElement="sid-D4EF7333-915A-4B1E-9925-E6DC5FE15700" id="BPMNShape_sid-D4EF7333-915A-4B1E-9925-E6DC5FE15700">
        <omgdc:Bounds height="80.0" width="100.0" x="243.0" y="88.0"></omgdc:Bounds>
      </bpmndi:BPMNShape>
      <bpmndi:BPMNShape bpmnElement="sid-1E50A98D-E16B-4A28-80BE-93BE5538EEE6" id="BPMNShape_sid-1E50A98D-E16B-4A28-80BE-93BE5538EEE6">
        <omgdc:Bounds height="80.0" width="100.0" x="388.0" y="88.0"></omgdc:Bounds>
      </bpmndi:BPMNShape>
      <bpmndi:BPMNShape bpmnElement="sid-A10DFA84-A88A-4A02-B4FC-5EFA64D9EA0E" id="BPMNShape_sid-A10DFA84-A88A-4A02-B4FC-5EFA64D9EA0E">
        <omgdc:Bounds height="80.0" width="100.0" x="645.0" y="87.0"></omgdc:Bounds>
      </bpmndi:BPMNShape>
      <bpmndi:BPMNShape bpmnElement="sid-1A3F88FC-4843-4447-ADE2-5013D0BE80A5" id="BPMNShape_sid-1A3F88FC-4843-4447-ADE2-5013D0BE80A5">
        <omgdc:Bounds height="31.000000000000014" width="31.0" x="473.5" y="111.49999999999999"></omgdc:Bounds>
      </bpmndi:BPMNShape>
      <bpmndi:BPMNShape bpmnElement="sid-E73EA1A0-490B-4DCA-BBE9-03DE4DAEC0AC" id="BPMNShape_sid-E73EA1A0-490B-4DCA-BBE9-03DE4DAEC0AC">
        <omgdc:Bounds height="80.0" width="100.0" x="645.0" y="195.0"></omgdc:Bounds>
      </bpmndi:BPMNShape>
      <bpmndi:BPMNShape bpmnElement="sid-5E8C4BA8-E585-4D1E-93EA-3DCBA0F2D6C2" id="BPMNShape_sid-5E8C4BA8-E585-4D1E-93EA-3DCBA0F2D6C2">
        <omgdc:Bounds height="80.0" width="100.0" x="810.0" y="150.0"></omgdc:Bounds>
      </bpmndi:BPMNShape>
      <bpmndi:BPMNShape bpmnElement="sid-D9C7BF72-1AC0-4B05-89E5-D261BDBC0404" id="BPMNShape_sid-D9C7BF72-1AC0-4B05-89E5-D261BDBC0404">
        <omgdc:Bounds height="28.0" width="28.0" x="990.0" y="176.0"></omgdc:Bounds>
      </bpmndi:BPMNShape>
      <bpmndi:BPMNEdge bpmnElement="sid-F4BA229D-3A12-43C3-BF2C-F7579EC28BE5" id="BPMNEdge_sid-F4BA229D-3A12-43C3-BF2C-F7579EC28BE5" flowable:sourceDockerX="15.0" flowable:sourceDockerY="15.0" flowable:targetDockerX="50.0" flowable:targetDockerY="40.0">
        <omgdi:waypoint x="197.94999848995764" y="128.0"></omgdi:waypoint>
        <omgdi:waypoint x="242.9999999999917" y="128.0"></omgdi:waypoint>
      </bpmndi:BPMNEdge>
      <bpmndi:BPMNEdge bpmnElement="sid-479E9EEE-816D-4DCA-9CF3-3D4D4AD90CF2" id="BPMNEdge_sid-479E9EEE-816D-4DCA-9CF3-3D4D4AD90CF2" flowable:sourceDockerX="50.0" flowable:sourceDockerY="40.0" flowable:targetDockerX="50.0" flowable:targetDockerY="40.0">
        <omgdi:waypoint x="342.9499999999907" y="128.0"></omgdi:waypoint>
        <omgdi:waypoint x="387.9999999999807" y="128.0"></omgdi:waypoint>
      </bpmndi:BPMNEdge>
      <bpmndi:BPMNEdge bpmnElement="sid-01AFF12E-66A7-4828-8767-C8775FAFB48A" id="BPMNEdge_sid-01AFF12E-66A7-4828-8767-C8775FAFB48A" flowable:sourceDockerX="50.0" flowable:sourceDockerY="40.0" flowable:targetDockerX="50.0" flowable:targetDockerY="40.0">
        <omgdi:waypoint x="744.9499999999999" y="146.07181818181817"></omgdi:waypoint>
        <omgdi:waypoint x="810.0" y="170.90909090909093"></omgdi:waypoint>
      </bpmndi:BPMNEdge>
      <bpmndi:BPMNEdge bpmnElement="sid-4650CF59-3016-4344-809A-C407B9324FCC" id="BPMNEdge_sid-4650CF59-3016-4344-809A-C407B9324FCC" flowable:sourceDockerX="50.0" flowable:sourceDockerY="40.0" flowable:targetDockerX="50.0" flowable:targetDockerY="40.0">
        <omgdi:waypoint x="744.9499999999999" y="221.36363636363637"></omgdi:waypoint>
        <omgdi:waypoint x="810.0" y="203.62272727272725"></omgdi:waypoint>
      </bpmndi:BPMNEdge>
      <bpmndi:BPMNEdge bpmnElement="sid-23E287F6-9AA4-4791-9305-E8B1083376DB" id="BPMNEdge_sid-23E287F6-9AA4-4791-9305-E8B1083376DB" flowable:sourceDockerX="50.0" flowable:sourceDockerY="40.0" flowable:targetDockerX="50.0" flowable:targetDockerY="40.0">
        <omgdi:waypoint x="438.0" y="167.95"></omgdi:waypoint>
        <omgdi:waypoint x="438.0" y="235.0"></omgdi:waypoint>
        <omgdi:waypoint x="644.9999999998774" y="235.0"></omgdi:waypoint>
      </bpmndi:BPMNEdge>
      <bpmndi:BPMNEdge bpmnElement="sid-3CE7746B-D6BB-496D-BE64-915A6AE1A331" id="BPMNEdge_sid-3CE7746B-D6BB-496D-BE64-915A6AE1A331" flowable:sourceDockerX="50.0" flowable:sourceDockerY="40.0" flowable:targetDockerX="14.0" flowable:targetDockerY="14.0">
        <omgdi:waypoint x="909.9499999999008" y="190.0"></omgdi:waypoint>
        <omgdi:waypoint x="990.0" y="190.0"></omgdi:waypoint>
      </bpmndi:BPMNEdge>
      <bpmndi:BPMNEdge bpmnElement="sid-C7F0F440-D4F8-40F3-A63C-EA0C0AB49ADF" id="BPMNEdge_sid-C7F0F440-D4F8-40F3-A63C-EA0C0AB49ADF" flowable:sourceDockerX="15.5" flowable:sourceDockerY="15.500000000000007" flowable:targetDockerX="50.0" flowable:targetDockerY="40.0">
        <omgdi:waypoint x="504.44999955480137" y="127.0"></omgdi:waypoint>
        <omgdi:waypoint x="645.0" y="127.0"></omgdi:waypoint>
      </bpmndi:BPMNEdge>
    </bpmndi:BPMNPlane>
  </bpmndi:BPMNDiagram>
</definitions>